{
  "project_info": {
    "project_number": "638736918810",
    "firebase_url": "https://theworld-b9ee1.firebaseio.com",
    "project_id": "theworld-b9ee1",
    "storage_bucket": "theworld-b9ee1.appspot.com"
  },
  "client": [
    {
      "client_info": {
        "mobilesdk_app_id": "1:638736918810:android:35d52af76c7a133618e4a3",
        "android_client_info": {
          "package_name": "com.example.theworld"
        }
      },
      "oauth_client": [
        {
          "client_id": "638736918810-aa7ip0japq347l6lu98vfiac2opmt8fp.apps.googleusercontent.com",
          "client_type": 1,
          "android_info": {
            "package_name": "com.example.theworld",
            "certificate_hash": "938ecb2534af728bb4e08e66ee9e466f51501ee7"
          }
        },
        {
          "client_id": "638736918810-u1mdcu465ooru6s4dlhgd2paoevjidil.apps.googleusercontent.com",
          "client_type": 3
        }
      ],
      "api_key": [
        {
          "current_key": "AIzaSyCTWOsAMIQjHS0JmTi6jxC9gZIgbf6DOaM"
        }
      ],
      "services": {
        "appinvite_service": {
          "other_platform_oauth_client": [
            {
              "client_id": "638736918810-u1mdcu465ooru6s4dlhgd2paoevjidil.apps.googleusercontent.com",
              "client_type": 3
            }
          ]
        }
      }
    }
  ],
  "configuration_version": "1"
}